place,1way_int_count_bike,1way_int_prop_bike,2way_int_count_bike,2way_int_prop_bike,3way_int_count_bike,3way_int_prop_bike,4way_int_count_bike,4way_int_prop_bike,5way_int_count_bike,5way_int_prop_bike,6way_int_count_bike,6way_int_prop_bike,7way_int_count_bike,7way_int_prop_bike,8way_int_count_bike,8way_int_prop_bike,circuity_avg_bike,disconnected_components_bike,edge_density_km_bike,edge_length_avg_bike,edge_length_total_bike,entropy_bike,intersection_count_bike,intersection_density_km_bike,k_avg_bike,length_bike,linearity_mean_bike,linearity_median_bike,m_bike,n_bike,node_density_km_bike,self_loop_proportion_bike,street_density_km_bike,street_length_avg_bike,street_length_total_bike,street_segment_count_bike,streets_per_node_avg_bike,1way_int_count_road,1way_int_prop_road,2way_int_count_road,2way_int_prop_road,3way_int_count_road,3way_int_prop_road,4way_int_count_road,4way_int_prop_road,5way_int_count_road,5way_int_prop_road,6way_int_count_road,6way_int_prop_road,7way_int_count_road,7way_int_prop_road,8way_int_count_road,8way_int_prop_road,circuity_avg_road,disconnected_components_road,edge_density_km_road,edge_length_avg_road,edge_length_total_road,entropy_road,intersection_count_road,intersection_density_km_road,k_avg_road,length_road,linearity_mean_road,linearity_median_road,m_road,n_road,node_density_km_road,self_loop_proportion_road,street_density_km_road,street_length_avg_road,street_length_total_road,street_segment_count_road,streets_per_node_avg_road
"Aberdeen, United Kingdom",25,0.020374898125509373,3,0.0024449877750611247,830,0.6764466177669112,353,0.28769356153219233,16,0.013039934800325998,,,,,,,1.0539206531659264,139.0,6908268168207.594,93.51564168514413,210877.77200000003,3.548831723540257,1202,39377020439.05095,3.675631621841891,21.0877772,0.958761126713645,0.9976853592493384,2255,1227,40196010048.84818,0.0,3493584060137.289,93.87597975352116,106643.11300000004,1136,3.2705786471067646,2387,0.2613312896868842,69,0.007554193124589446,6234,0.6825049266476899,429,0.04696737464418656,14,0.001532734836873221,,,,,,,1.0827463122831298,1.0,66044226593414.82,95.64605792769784,2016027.609000015,3.5512422343202097,6747,221028915892.07718,4.6152835559448215,201.60276090000002,0.9522022514852121,0.9996897495283774,21078,9134,299226043835.51697,0.011992700095593986,36340143477848.24,96.40202155209867,1109298.0619999995,11507,2.520144514998905
"Amsterdam, Netherlands",81,0.00567187171766683,48,0.0033611091660247882,6317,0.44233597087038723,7523,0.52678383866676,268,0.0187661928436384,40,0.002800924305020657,3,0.00021006932287654927,1,7.002310762551643e-05,1.0168223642096037,290.0,39700681801856.32,51.1388963354978,1149909.2230000035,3.487572015078926,14200,490255813511.6011,3.1490791961347244,114.99092230000001,0.990964044856296,0.9999999785403433,22486,14281,493052343152.05457,0.0,25567468340171.586,48.96510050251269,740548.1800000019,15124,3.559204537497374,1513,0.12149682807355658,243,0.019513370272223562,7764,0.6234642254878343,2799,0.22476511683931583,108,0.008672609009877139,24,0.001927246446639364,2,0.00016060387055328034,,,1.070691868649791,1.0,93560845973112.23,94.05269683823327,2709940.354000015,3.4938563494996377,10940,377704126747.6701,4.627479322251666,270.99403540000003,0.9637623895364862,0.9999847430562709,28813,12453,429940538426.7583,0.003709278572196538,62244862583725.7,96.9191205246745,1802889.479999995,18602,2.9860274632618644
"Berlin, Germany",87,0.0031432907001951007,27,0.0009755040104053761,14285,0.5161138810607703,12675,0.45794493821807936,539,0.01947395042994436,54,0.0019510080208107522,7,0.00025290844714213456,4,0.00014451911265264832,1.0160333518011537,1391.0,23267881668019.668,57.692500483578634,2743970.707999967,3.5679106245154193,27591,233961726060.21066,3.4368090179926294,274.39707080000005,0.9916205986494044,0.9999999999999998,47562,27678,234699454673.4265,7.391529307413703e-05,12670825853487.686,55.224507835020894,1494264.7329999954,27058,3.4972180070814365,3238,0.11568004001286128,384,0.013718695294916223,16988,0.6069093637240541,7259,0.25933335715051264,115,0.004108463434675432,7,0.0002500803829802437,,,,,1.0419307029733995,1.0,90139796478699.75,145.39336674736492,10630145.223000092,3.5716248556472685,24753,209896509918.75592,5.224036297381301,1063.0145223,0.9767297790610115,0.999967159019872,73113,27991,237353581753.15707,0.0037784862439485182,51909138860742.48,144.5653831385067,6121621.149000066,42345,3.0232217498481653
"Birmingham, United Kingdom",46,0.012137203166226913,10,0.002638522427440633,2316,0.6110817941952507,1360,0.35883905013192613,52,0.013720316622691292,6,0.0015831134564643799,,,,,1.0451247428513264,265.0,15439998735167.562,75.82409807452537,547374.1639999986,3.5766614507099272,3744,105608483312.46321,3.8094986807387863,54.73741639999999,0.9626192350011584,0.9983045280908374,7219,3790,106906023438.6313,0.0,7749741920844.56,75.18924630541876,274741.50600000017,3654,3.3641160949868074,7789,0.3005131370809059,140,0.005401442956904202,16454,0.6348238743778695,1495,0.05767969443265558,38,0.001466105945445426,3,0.00011574520621937575,,,,,1.0541668637403814,1.0,141077071926176.06,87.03876775956132,5001421.672999913,3.5820140330372037,18130,511400054074.508,4.433967359851846,500.14216730000004,0.9631188056347024,0.9998322680882236,57462,25919,731107446307.6212,0.007785903416971378,77193013079203.78,86.2635022695753,2736623.346000007,31724,2.4545314248234886
"Bordeaux, France",20,0.00992063492063492,10,0.00496031746031746,955,0.47371031746031744,950,0.4712301587301587,66,0.03273809523809524,12,0.005952380952380952,3,0.001488095238095238,,,1.0429607779620436,153.0,26044113192837.574,42.95276111595469,147800.4510000001,3.5304953706159345,1996,351717803167.6221,3.4136904761904763,14.7800451,0.9802754034550272,0.9999999999999998,3441,2016,355242029652.2676,0.0,14844482481637.463,43.04675523760855,84242.49999999993,1957,3.5357142857142856,282,0.06470858191831115,65,0.014915098669114273,3121,0.716154199173933,841,0.1929784304726939,48,0.01101422670949977,1,0.0002294630564479119,,,,,1.0307694993237844,1.0,142337043402401.9,91.11825324309028,807763.3149999953,3.565300132627689,4076,718237357570.7552,4.0683799908214775,80.77633150000001,0.9789650731895657,0.9998592098558814,8865,4358,767928951004.257,0.0010614101592115238,105155244122439.95,90.48619393479869,596756.4489999973,6595,3.0713630105553005
"Bristol, United Kingdom",41,0.01652559451833938,4,0.0016122531237404273,1637,0.6598145908907699,763,0.3075372833534865,32,0.012898024989923419,2,0.0008061265618702137,1,0.00040306328093510683,1,0.00040306328093510683,1.054772230601866,262.0,20418960000784.504,64.46196012269938,294204.386,3.5809307071946987,2440,169345750004.9445,3.679161628375655,29.4204386,0.9626376359706814,0.9980830000891676,4564,2481,172191313836.99478,0.0,10390070099985.541,64.3335651052858,149704.20600000006,2327,3.3047158403869408,3213,0.2640098603122432,286,0.023500410846343467,8105,0.6659819227608874,554,0.04552177485620378,10,0.0008216926869350862,2,0.00016433853738701725,,,,,1.0555898789566116,1.0,154708345522603.22,80.09408695339721,2229098.5339999977,3.5777633121702976,8957,621651591309.1343,4.573705834018077,222.9098534,0.96885342221354,0.9998595125148114,27831,12170,844646630147.6124,0.002029858564693557,83321366478980.69,78.60967358564719,1200526.9350000038,15272,2.496138044371405
"Brussels, Belgium",24,0.011126564673157162,5,0.0023180343069077423,938,0.43486323597589244,1124,0.5210941121928605,54,0.025034770514603615,11,0.005099675475197033,1,0.0004636068613815484,,,1.0160450853567107,136.0,35063087398434.766,41.3718969561576,148152.76300000036,3.4971090816876567,2133,504813841513.44635,3.32035234121465,14.815276299999999,0.9883484849914363,0.9999998968833417,3581,2157,510493884737.2263,0.0,22554336933147.74,41.651787587412734,95299.29000000033,2288,3.563745943439963,103,0.04486062717770035,48,0.020905923344947737,1638,0.7134146341463414,476,0.2073170731707317,25,0.01088850174216028,5,0.0021777003484320556,1,0.00043554006968641115,,,1.033675079257944,1.0,101881179934917.25,95.79007187360948,430480.583000001,3.543472304473091,2193,519013949572.8963,3.9146341463414633,43.0480583,0.9790450285456928,0.9996866060895588,4494,2296,543390801741.6188,0.00028951939779965256,77154146711400.06,94.38360046323122,326000.95600000065,3454,3.1267421602787455
"Budapest, Hungary",39,0.008676307007786429,15,0.0033370411568409346,2088,0.4645161290322581,2204,0.49032258064516127,129,0.028698553948832035,20,0.004449388209121246,,,,,1.0274991085390373,341.0,7927288097777.521,61.24998683076917,497656.14299999946,3.5676552793495335,4456,70980728883.91267,3.6151279199110125,49.7656143,0.9798200158667373,0.9999999801436895,8125,4495,71601969554.12645,0.00023501762632197415,4067100237348.2134,60.00535910693299,255322.8029999999,4255,3.540378197997775,2324,0.09701118717649024,258,0.010769744531641343,15800,0.6595424945733845,5417,0.22612289196860913,134,0.005593588245116046,23,0.0009600935047587244,,,,,1.0329674628921854,1.0,126380146785523.14,126.0060137380087,7933842.64899998,3.5273835189160523,21632,344581491745.2421,5.256637168141593,793.3842649000002,0.9835198997381436,0.9999999772293157,62964,23956,381601063990.80164,0.0005237333921384861,71673626001708.64,124.02829318044003,4499498.420000004,36278,3.0353982300884956
"Cambridge, United Kingdom",22,0.009482758620689655,5,0.0021551724137931034,1503,0.6478448275862069,740,0.31896551724137934,41,0.01767241379310345,8,0.0034482758620689655,1,0.0004310344827586207,,,1.0228299206968825,215.0,43760075780714.02,56.08134386973189,234195.69200000036,3.5532156686963017,2298,429387292675.22424,3.6,23.419569199999998,0.9800354951014851,0.999997334736644,4176,2320,433498050046.35345,0.0,22683660499437.63,54.981287590579605,121398.68299999977,2208,3.345258620689655,1075,0.3319950586781964,48,0.014823965410747375,1963,0.6062384187770229,148,0.04570722668313774,4,0.0012353304508956147,,,,,,,1.072658905639433,1.0,116047239089422.56,87.09339349319886,621062.9890000011,3.5520094897928867,2163,404162190625.11316,4.404570722668314,62.1062989,0.9578789170867112,0.9998634459797865,7131,3238,605028743987.1088,0.006546216286986122,61146711681923.22,85.68884420005243,327245.69600000023,3819,2.3693638048177887
"Cebu City, Philippines",2,0.07407407407407407,0,0.0,11,0.4074074074074074,14,0.5185185185185185,,,,,,,,,1.0176781164784023,6.0,260975486536.377,164.7065714285714,6917.675999999999,2.3339038219088346,25,943147259.7747318,3.111111111111111,0.6917675999999999,0.9846083545716302,0.999999770335176,42,27,1018599040.5567102,0.0,130487743268.18855,164.70657142857144,3458.838,21,3.3703703703703702,2318,0.3148600923662048,26,0.0035316490084216245,4340,0.5895137190980712,671,0.09114371094811193,,,,,,,,,1.151835750211914,1.0,73734890789269.78,115.91094798956163,1954490.4049999884,3.566938875986706,5044,190289391132.14987,4.580820429231188,195.44904050000002,0.9458266035085605,0.9999286727637723,16862,7362,277738005058.463,0.003761894224385926,39188345283874.76,114.93309194512068,1038765.2850000007,9038,2.4599293670198317
"City of Chester, United Kingdom",2,0.006349206349206349,0,0.0,238,0.7555555555555555,71,0.2253968253968254,4,0.012698412698412698,,,,,,,1.0566775402556534,45.0,19253994544522.56,90.19622586520953,49517.72800000003,3.4450481853560055,313,121703893450.7568,3.4857142857142858,4.9517728,0.9636021210788854,0.9992272940536623,549,315,122481554111.78401,0.007220216606498195,9653179940227.072,89.62527436823109,24826.201000000012,277,3.238095238095238,824,0.33400891771382246,20,0.008107012565869477,1533,0.6214025131738954,88,0.0356708552898257,2,0.0008107012565869477,,,,,,,1.077128485358931,1.0,157109314735166.94,73.93526495882894,404056.2230000002,3.5547782598863074,1643,638848233033.8448,4.430482367247669,40.405622300000005,0.9612013116455764,0.9999905205009445,5465,2467,959244425377.0513,0.004499826929733472,82134206254887.05,73.11666735894781,211234.0520000002,2889,2.361167409809485
"City of Durham, United Kingdom",5,0.012853470437017995,0,0.0,270,0.6940874035989717,106,0.27249357326478146,7,0.017994858611825194,1,0.002570694087403599,,,,,1.0235629189300517,32.0,21416279334042.953,59.023961696306536,43146.516000000076,3.5284725426636436,384,190602904398.41028,3.7583547557840618,4.3146516,0.9726730257553232,0.9996277842426772,731,389,193084713049.43124,0.0,10728387751081.672,59.054784153005436,21614.05099999999,366,3.290488431876607,251,0.3337765957446808,9,0.011968085106382979,461,0.613031914893617,29,0.03856382978723404,2,0.0026595744680851063,,,,,,,1.0756206019295975,1.0,64403819506958.92,83.49535585585569,129751.78299999975,3.5428543278714466,501,248677226832.3009,4.132978723404255,12.9751783,0.9576928549434242,0.9984058597260084,1554,752,373264021113.55347,0.0056753688989784334,35958044998933.34,82.22840635641302,72443.22599999986,881,2.3643617021276597
"Columbus, USA",82,0.0464326160815402,0,0.0,1010,0.5719139297848245,664,0.37599093997734995,10,0.0056625141562853904,,,,,,,1.0965427020290122,119.0,6148879228885.326,105.9397493685095,377463.32699999935,3.360234132818383,1684,27432367281.187313,4.0351075877689695,37.7463327,0.964409800771517,0.9982327346384781,3563,1766,28768147635.734436,0.0,3074872708642.623,105.86553561413353,188758.2500000001,1783,3.2944507361268403,3934,0.17679309724968542,122,0.005482653244652166,14255,0.6406165737911199,3838,0.17247887830307387,100,0.004493978069387021,,,,,,,1.0875514814756062,1.0,130815462100501.62,138.65620857794065,8030412.976000011,3.0148791612677774,18318,298400299202.3689,5.205464677332374,803.0412976,0.9531584259410418,0.999980818726895,57916,22252,362485176211.9834,0.008155239660896754,72843813694179.69,144.14105038197457,4471687.805999997,31023,2.82280244472407
"Copenhagen Municipality, Denmark",61,0.007671990944535278,10,0.0012577034335303735,5302,0.6668343604578041,2379,0.29920764683687584,160,0.020123254936485976,34,0.00427619167400327,3,0.00037731103005911207,2,0.00025154068670607473,1.023361347044745,488.0,55919490658562.65,53.189839611002334,732902.8000000012,3.5756594604405763,7890,601996310146.5277,3.465979122123003,73.29028000000001,0.9852232280458322,0.9999999999999999,13779,7951,606650527500.0052,0.00038284839203675346,31047615741514.836,51.92984201123015,406922.24199999945,7836,3.3384479939630234,918,0.13138686131386862,115,0.0164591383998855,4412,0.6314584227851725,1458,0.20867325032202663,75,0.010734220695577501,8,0.0011449835408616,1,0.0001431229426077,,,1.0439755082069353,1.0,135651608934288.05,101.43217976951183,1777903.2470000035,3.550174406989581,6069,463056477348.45074,5.0173178760555315,177.7903247,0.9775864380103666,0.9999991648405354,17528,6987,533098633586.03156,0.002822659139575628,78740183548048.25,100.4477088767767,1031999.7610000038,10274,2.9549162730785743
"County Borough of Belfast, United Kingdom",15,0.013673655423883319,4,0.0036463081130355514,755,0.6882406563354604,314,0.2862351868732908,5,0.004557885141294439,4,0.0036463081130355514,,,,,1.0751513710988805,85.0,16926702901996.74,76.06464544138929,157682.00999999998,3.552489244761516,1082,116149537540.52522,3.779398359161349,15.768201000000001,0.9643263868863453,0.9990581783412813,2073,1097,117759743698.6656,0.0009302325581395349,8929579988569.139,77.38064465116288,83184.1930000001,1075,3.275296262534184,2352,0.28402366863905326,29,0.003501992512981524,5389,0.6507668156019805,491,0.0592923559956527,16,0.0019321338002656683,4,0.0004830334500664171,,,,,1.064860330677911,1.0,159550577994615.38,77.32315830818848,1486305.748999999,3.559992188197627,5929,636460820774.2828,4.642434488588335,148.63057490000003,0.9666678044756215,0.9999899029294997,19222,8281,888941146370.6926,0.0014582928251993,85897752631762.83,77.79381275520142,800187.1580000017,10286,2.4930563941552952
"Coventry, United Kingdom",24,0.012903225806451613,10,0.005376344086021506,1240,0.6666666666666666,569,0.30591397849462365,16,0.008602150537634409,1,0.0005376344086021505,,,,,1.0431638688931302,118.0,17124624150501.53,63.4665108015919,223275.18500000032,3.555127761028621,1836,140816409760.54175,3.782795698924731,22.3275185,0.9705360812008096,0.9997936018905043,3518,1860,142657147143.03247,0.0,8596568849866.722,63.074980866629105,112084.24099999992,1777,3.293548387096774,3038,0.31751672240802675,62,0.006479933110367893,6101,0.6376463210702341,360,0.03762541806020067,5,0.0005225752508361204,2,0.00020903010033444816,,,,,1.0538645059764027,1.0,135193934258492.27,84.08590092067088,1762692.7410000237,3.5643151842967074,6530,500833962819.35596,4.3818979933110365,176.26927410000002,0.9680880015243676,0.9994850553075666,20963,9568,733840636486.309,0.002621231979030144,73204693377880.73,83.39548492791577,954461.324999996,11445,2.3977842809364547
"District Zurich, Switzerland",30,0.00904977375565611,11,0.0033182503770739064,2072,0.6250377073906486,1074,0.3239819004524887,103,0.031070889894419307,18,0.005429864253393665,7,0.0021116138763197585,,,1.0432659026718725,409.0,21994361494181.484,44.737389405204645,240687.155000001,3.550044003090474,3285,300188339956.8451,3.2458521870286576,24.0687155,0.98247014476077,0.9999999999999998,5380,3315,302929785983.84827,0.0003316749585406302,12558608661127.084,45.582250746268684,137430.4860000001,3015,3.389441930618401,656,0.14291938997821352,272,0.05925925925925926,2841,0.6189542483660131,777,0.169281045751634,38,0.008278867102396514,6,0.00130718954248366,,,,,1.0440217145977306,1.0,112210138753957.44,117.14654884563978,1227930.1249999963,3.5573372684643862,3934,359494955674.3466,4.567320261437908,122.7930125,0.9755671532449797,0.9992602286045748,10482,4590,419441242131.48224,0.0010736196319018406,68588023220223.33,115.11773742331287,750567.6479999999,6520,2.8446623093681915
"Dubai, UAE",199,0.04839494163424125,11,0.0026750972762645915,2094,0.5092412451361867,1726,0.41974708171206226,74,0.01799610894941634,4,0.0009727626459143969,2,0.00048638132295719845,2,0.00048638132295719845,1.1732486667204487,255.0,2495591671514.9053,161.78918114874745,1318258.247999994,3.472291851295168,3913,7407691342.309635,3.963035019455253,131.82582480000002,0.9558398835683555,0.9999999999999998,8148,4112,7784417786.756253,0.0036407766990291263,1278941893327.339,163.97610533980546,675581.5539999985,4120,3.3635700389105057,3668,0.06495829422494555,1294,0.02291603945667381,47586,0.8427222979793507,3568,0.06318734836276055,312,0.005525351090017178,32,0.0005667026758991978,5,8.854729310924964e-05,2,3.541891724369986e-05,1.0737296616274021,1.0,30476858122895.45,140.6131101658649,16098935.596000038,3.55279056538717,52799,99953666031.84422,4.055147254148441,1609.8935596000001,0.9621644938444969,0.9998042619287767,114491,56467,106897548435.01103,0.00311762723289518,21436065846702.188,136.30019414752854,11323274.929000081,83076,2.9236368144225833
"Durham, United Kingdom",46,0.012124406958355299,14,0.0036900369003690036,2612,0.6884554559831313,1072,0.28255139694254083,49,0.012915129151291513,1,0.0002635740643120717,,,,,1.0419457596545338,397.0,3697246641688.11,168.55486189220898,1150892.5970000029,3.575713347261689,3748,12040463592.491943,3.599367422245651,115.08925970000001,0.9694668408455938,0.9976314501207508,6828,3794,12188238759.315483,0.0002875215641173088,1869487055753.3867,167.32054025301846,581940.8389999982,3478,3.2812335266209804,9184,0.3446153846153846,63,0.0023639774859287054,16541,0.6206754221388368,847,0.031782363977485927,15,0.0005628517823639775,,,,,,,1.0729627119324678,1.0,23659348396925.95,123.47465709351998,7364769.397000093,3.568003734301197,17466,56109588342.172966,4.47624765478424,736.4769396999999,0.9584509356797637,0.9999118315885219,59646,26650,85613221648.85545,0.0034021247231761725,12303869698376.334,122.92563552331703,3829994.0259999884,31157,2.341313320825516
"Edinburgh, United Kingdom",60,0.013380909901873328,2,0.00044603033006244426,3333,0.7433095450490633,1037,0.23126672613737734,48,0.010704727921498661,4,0.0008920606601248885,,,,,1.0472984056911105,427.0,15990513218350.197,74.56693714353617,627555.3430000003,3.5604196204546237,4424,112726361534.58937,3.753791257805531,62.7555343,0.964599835808092,0.9994889058355851,8416,4484,114255200072.58109,0.00047080979284369113,8031861653991.827,74.20297881355924,315214.25399999967,4248,3.2281445138269405,3983,0.29712793733681464,88,0.006564714658709437,8634,0.6440880268556509,681,0.05080193957478553,15,0.0011189854531891085,4,0.00029839612085042893,,,,,1.0761982504679086,1.0,76470896962964.58,97.02369533169492,3001136.9439999876,3.5389297185704067,9422,240078611749.2995,4.614994405072734,300.1136944,0.9564222939864423,0.9997291201462831,30932,13405,341568010029.6497,0.007844329583460019,41379898687227.81,98.75183490422606,1623973.9249999975,16445,2.4531145095113764
"Glasgow City, United Kingdom",35,0.011467889908256881,1,0.000327653997378768,2062,0.6756225425950196,893,0.29259501965923984,49,0.016055045871559634,11,0.0036041939711664484,1,0.000327653997378768,,,1.0689135522740882,311.0,18334489109863.49,81.72410570824535,463866.0240000006,3.559029868477543,3017,119248125067.3752,3.7195281782437744,46.3866024,0.9618958194470504,0.9990548902524322,5676,3052,120631513989.27051,0.0010179843909060061,9602516891145.525,82.4382368510351,242945.48400000043,2947,3.313564875491481,3839,0.2368291178285009,99,0.006107341147439852,10544,0.6504626773596546,1694,0.10450339296730414,32,0.001974090067859346,2,0.00012338062924120913,,,,,1.0787039118780817,1.0,144381525039968.25,95.7931384365244,3652879.7479999852,3.5329202931378014,12371,488968695793.3373,4.704873534855028,365.2879748,0.9541984895921295,0.9999613841251381,38133,16210,640706697826.3679,0.008047437526471834,81841788694658.25,97.44518104381324,2070612.6519999874,21249,2.629056138186305
"Groningen, Netherlands",33,0.007735583684950774,6,0.0014064697609001407,2272,0.5325832161275199,1873,0.43905297702766055,71,0.016643225503984997,10,0.0023441162681669013,1,0.00023441162681669012,,,1.0247367737341135,178.0,34951278836901.723,58.62105405002989,393698.99900000077,3.450038999125685,4233,375791565872.39557,3.1486169714017813,39.3698999,0.9877854543553211,0.9999995212462118,6716,4266,378721195372.46387,0.0,21068464107315.305,55.35803079076264,237319.87799999944,4287,3.463431786216596,774,0.15473810475809677,74,0.01479408236705318,3344,0.6685325869652139,790,0.15793682526989206,18,0.003598560575769692,2,0.00039984006397441024,,,,,1.0858853629298928,1.0,107007136121087.9,105.23417530993522,1205352.243999998,3.415231947902699,4228,375347682614.8095,4.579768092762895,120.5352244,0.948692080840855,0.9998994199513207,11454,5002,444060810889.13837,0.010998307952622674,66562057313005.44,105.72051001128028,749769.8569999997,7092,2.842063174730108
"Gurugram, India",0,0.0,0,0.0,29,0.5178571428571429,27,0.48214285714285715,,,,,,,,,1.0295240949094107,9.0,140392711424.03735,164.76063265306118,16146.541999999996,1.6923959975743539,56,486914897.30408496,3.5,1.6146542,0.9741320424947884,0.9999810326286064,98,56,486914897.30408496,0.0,70196355712.01869,164.7606326530612,8073.270999999999,49,3.482142857142857,10016,0.18970774854631892,67,0.0012690114968653523,37738,0.7147754607269352,4959,0.09392579123813853,,,,,,,,,1.0643453494292328,1.0,118357953905983.62,100.64642447633669,13612328.264000062,3.3742440342085542,42781,371976896813.6796,5.123359281777374,1361.2328264,0.9706728278576767,0.9999999999999999,135249,52797,459065104160.0674,0.0009223674096848578,64644953731663.4,103.90336380406733,7434805.197000038,71555,2.7139041991022217
"Hannover, Germany",130,0.010974168495694749,48,0.0040520006753334455,6315,0.5330913388485565,5148,0.43457707242951205,185,0.01561708593618099,18,0.0015195002532500423,2,0.00016883336147222692,,,1.0150208895976125,426.0,48751946505721.06,61.78324705826941,1312646.866999992,3.535140269289523,11716,435134398763.6482,3.587033597838933,131.26468670000003,0.9910790668311187,0.9999999999999999,21246,11846,439962622717.15405,0.0,27731285966634.3,61.01203440104586,746665.2769999992,12238,3.4450447408407903,1428,0.18730325288562436,80,0.01049317943336831,4950,0.6492654774396642,1107,0.145199370409234,47,0.006164742917103882,12,0.0015739769150052466,,,,,1.05858579422682,1.0,90699263734828.7,128.53723838096707,2442078.991999993,3.5164474234990535,6196,230120581660.93924,4.983997901364114,244.2078992,0.9659848939184816,0.9999597819855273,18999,7624,283156764780.98785,0.005112668055292559,52173711384243.35,133.00302366975873,1404777.9359999918,10562,2.7771511017838404
"Harare, Zimbabwe",4,0.3076923076923077,0,0.0,3,0.23076923076923078,6,0.46153846153846156,,,,,,,,,1.0088721860572594,3.0,62973349604.35954,257.0657,5141.314,2.857102837442002,9,110236438.86353487,3.076923076923077,0.5141314,0.9883649813643368,0.9948590438554683,20,13,159230411.69177258,0.0,31486674802.17977,257.0657,2570.657,10,2.8461538461538463,4388,0.14845890990289948,24,0.0008119903914470346,22902,0.7748418310383327,2230,0.07544744053862029,,,,,,,,,1.1147302760338578,1.0,143957984686426.53,146.68844019819417,11753117.893999912,3.567386193472257,25169,308282325528.47876,5.421592177825896,1175.3117894,0.9498666806167263,0.9999999999999998,80123,29557,362028713721.05554,0.008365037557311482,73696994098479.4,146.73742173934252,6016821.241000001,41004,2.7786649524647293
"Houston, USA",268,0.049174311926605506,11,0.002018348623853211,3170,0.581651376146789,1939,0.35577981651376145,56,0.010275229357798165,4,0.0007339449541284404,2,0.0003669724770642202,,,1.0833264046555569,126.0,6301213944476.176,86.21695944572741,933298.5859999992,3.351098817674851,5182,34986542517.13992,3.9724770642201834,93.3298586,0.9699951279011185,0.9999999867805573,10825,5450,36795958455.88818,0.001525940996948118,3363169284412.5957,84.45791234316725,498132.76700000046,5898,3.279633027522936,6733,0.11251295077036196,224,0.003743190401390328,33885,0.566241101567461,18700,0.31248955583035326,288,0.004812673373216136,10,0.0001671067143477825,2,3.34213428695565e-05,,,1.0397655361881664,1.0,138372783716015.08,137.38041149184812,20494959.30799987,3.0220116029817383,53109,358568175712.61755,4.9859296146519165,2049.4959308,0.9754870126550316,0.9999999980467456,149184,59842,404026375397.66254,0.005638117585712424,85790370263747.94,138.03896547603614,12706762.850000078,92052,3.093980816149193
"Hull, United Kingdom",33,0.03441084462982273,0,0.0,584,0.6089676746611054,337,0.35140771637122004,5,0.005213764337851929,,,,,,,1.0485072832947437,90.0,15361689739695.07,92.73168206521758,170626.29500000036,3.537372803934601,926,83368889296.67966,3.83733055265902,17.0626295,0.9622344874363913,0.9990473806950051,1840,959,86339918828.85074,0.0010857763300760044,7683321222962.575,92.66086102062964,85340.6529999999,921,3.2930135557872786,3287,0.3544699665696107,32,0.003450878895718753,5567,0.6003450878895719,383,0.04130270678313383,4,0.00043135986196484415,,,,,,,1.0606372831146704,1.0,134175825834739.78,74.57222401801425,1490325.8970000148,3.5309926176760165,5986,538926750896.24664,4.310363420683705,149.03258970000002,0.9659459135867489,0.99999824616575,19985,9273,834859298540.076,0.004824195194359403,73336384025749.16,75.56975109008255,814566.3469999997,10779,2.3297746144721234
"Lancaster, United Kingdom",20,0.010746910263299301,2,0.0010746910263299302,1443,0.7753895754970446,379,0.20365394948952176,15,0.008060182697474477,2,0.0010746910263299302,,,,,1.0594739284008114,113.0,4323640594421.4375,111.32896531957584,388426.7600000001,3.566482530564331,1841,20492466415.882015,3.7495969908651263,38.842676000000004,0.9712583488927755,0.9990028601962251,3489,1861,20715089625.180027,0.0,2182989849855.3547,108.47080088495555,196115.20799999963,1808,3.200429876410532,1810,0.30756159728122345,13,0.0022090059473237043,3795,0.6448598130841121,262,0.044519966015293115,5,0.0008496176720475786,,,,,,,1.0805638970756264,1.0,22074229485498.254,147.4206260035686,1983102.2610000048,3.5609399660604732,4075,45359478894.46996,4.571622769753611,198.3102261,0.9598803252503393,0.9991519803654604,13452,5885,65506879335.94006,0.0032271643047565596,11651256490876.736,146.86745208362566,1046724.3310000001,7127,2.4288870008496177
"Leeds, United Kingdom",159,0.020841525756979944,23,0.003014811901953074,4744,0.6218377244724079,2573,0.33726569668370693,115,0.01507405950976537,14,0.0018351028968410013,1,0.00013107877834578582,,,1.0531140955591207,646.0,13590128313759.584,74.97717789658749,1023738.3870000056,3.573714514642405,7470,99164258948.30057,3.5794992790667193,102.37383870000001,0.9656078655748409,0.9987678293468878,13654,7629,101274984138.7664,0.00013596193065941537,7134022070353.877,73.06631461590779,537402.7440000018,7355,3.328745576091231,10075,0.3241113077046807,167,0.005372366092970886,19206,0.6178542705484961,1574,0.050635354672671704,59,0.0018980215538040857,4,0.00012867942737654817,,,,,1.0597330449320843,1.0,79822859411539.05,86.12175425379692,6013020.882000101,3.5763785971271425,21010,278907775167.84406,4.492198809715297,601.3020882,0.9658103734227547,0.9998877118654854,69820,31085,412653412236.66974,0.0031891515248968216,43292150591510.29,87.39825958085396,3261178.657999985,37314,2.4012224545600773
"Lincoln, United Kingdom",4,0.005649717514124294,0,0.0,376,0.5310734463276836,326,0.4604519774011299,2,0.002824858757062147,,,,,,,1.0239159247322671,28.0,20964677767188.42,72.2523285509325,100719.74599999991,3.5068658004700883,704,146536639876.95782,3.937853107344633,10.0719746,0.97839022994931,0.9997865675415125,1394,708,147369234421.71326,0.0,10560054507293.498,71.3547665260196,50733.238999999936,711,3.4548022598870056,1349,0.3676751158353775,21,0.005723630417007359,2177,0.5933496865630962,115,0.03134369037884982,7,0.0019078768056691197,,,,,,,1.0673002292280898,1.0,119484566573107.11,72.67183542220532,574034.8279999999,3.5626737381182236,2320,482904835958.1565,4.305805396565821,57.4034828,0.9660992425790113,0.9999997460599656,7899,3669,763697346176.9293,0.00667302192564347,63220691571917.05,72.38526906577704,303728.58900000044,4196,2.2940855819024257
"Lisbon, Portugal",56,0.018530774321641297,5,0.0016545334215751159,1439,0.4761747187293183,1456,0.4818001323626737,61,0.02018530774321641,5,0.0016545334215751159,,,,,1.055139279693947,175.0,39366993065073.05,63.874854617604704,354122.1940000005,3.544348955213066,2966,329723760355.4622,3.669093315684977,35.412219400000005,0.9669100870230725,0.9999476277848984,5544,3022,335949158393.1918,0.0003316749585406302,20977008291634.242,62.58599137645103,188696.76399999985,3015,3.488418266048974,1060,0.10467068233435371,204,0.020144169053026562,7256,0.7165004443566703,1532,0.15127875975116026,58,0.005727263750370297,17,0.0016786807544188801,,,,,1.067215951608976,1.0,204982689793683.75,88.85423486892827,1843903.0819999995,3.5600798024658844,9067,1007958643001.6777,4.0983509430236005,184.3903082,0.9607356898030399,0.9999334763493356,20752,10127,1125796534430.1301,0.004436974789915967,147103775083806.5,88.95856040336099,1323258.5859999948,14875,2.9382837957934234
"Liverpool, United Kingdom",24,0.01867704280155642,1,0.0007782101167315176,826,0.6428015564202335,413,0.32140077821011676,20,0.01556420233463035,1,0.0007782101167315176,,,,,1.035034627759263,167.0,9124166797519.832,74.45202078626293,164762.32199999987,3.5437500018175214,1261,69831343671.35538,3.4443579766536967,16.4762322,0.9644248464320447,0.9994934958319412,2213,1285,71160409688.89108,0.0,4678274614099.7,73.52421061792869,84479.31800000006,1149,3.316731517509728,4409,0.28469038548459996,46,0.0029702330987279655,9604,0.6201330147865952,1358,0.08768644669722994,64,0.004132498224317169,6,0.0003874217085297346,,,,,1.0521910869056392,1.0,151449037722300.7,77.29235745979693,2734835.483999995,3.5666997966830336,11078,613474722594.191,4.5693807709692,273.4835484,0.9704508366686703,0.9999999984712951,35383,15487,857635225565.6469,0.0034848562496797007,84390552061450.83,78.09702157536059,1523907.1820000112,19513,2.5247627042035257
"Lodz, Poland",157,0.014386511500045817,19,0.0017410427929991754,5552,0.5087510308806011,5004,0.45853569137725647,168,0.015394483643361129,11,0.001007972143315312,2,0.00018326766242096582,,,1.0159016919164257,274.0,20380045239665.66,33.46894416964204,778119.4830000078,3.4849714661576465,10756,281714789806.6981,4.260789883625034,77.8119483,0.9881495446116881,0.9999999999999997,23249,10913,285826840940.9164,0.0001697648756472286,10305621793026.96,33.398978949155435,393473.37100000016,11781,3.462567579950518,1098,0.15425681371171676,92,0.012924978926664794,4762,0.6690081483562799,1139,0.1600168586681652,23,0.0032312447316661984,3,0.0004214667041303737,1,0.00014048890137679124,,,1.0371805915379886,1.0,76411744135732.88,168.5112614220532,2917435.469000007,3.4968454951362826,6020,157672279159.197,4.864568699072773,291.74354690000007,0.9778272790152643,0.9999310687505907,17313,7118,186430445690.2266,0.0013899920571882446,42920658843929.19,162.70159432088894,1638730.4579999936,10072,2.8468670974992976
"London, United Kingdom",477,0.012296032789420772,1125,0.029000077333539556,25078,0.6464568349960045,11456,0.29531100971824814,581,0.014976928827365761,68,0.0017528935632717243,7,0.0001804449256309128,1,2.5777846518701826e-05,1.0453459243902867,4227.0,17590663387873.717,53.727486964383516,3624939.8179999916,3.5735784192187565,38316,185935185743.75705,3.4784110535405874,362.49398180000003,0.9663390808073592,0.9993885267513237,67469,38793,188249912844.7011,0.00013640331732867744,9208522681086.283,51.76824866324753,1897616.9230000016,36656,3.277782074085531,32260,0.2531963488238849,2126,0.01668615739614319,84813,0.6656646600372025,7962,0.062490679768622805,222,0.0017423927290422334,23,0.00018051816562149266,5,3.9243079482933185e-05,,,1.0604874546837098,1.0,139752756551764.23,96.6354491775628,28799103.292998914,3.5666004727746743,95151,461737103526.0525,4.678057624537913,2879.9103292999994,0.9625911363976023,0.9997813478745676,298018,127411,618284475174.805,0.00479743152896603,75716418992496.1,95.96720155362878,15603019.398999842,162587,2.5435951369975904
"Madrid, Spain",92,0.015558937933367156,11,0.0018603077963808556,2940,0.4972095383054287,2698,0.45628276678504986,141,0.023845763571790968,28,0.004735328936242178,2,0.00033823778116015557,1,0.00016911889058007779,1.072596755854311,255.0,13256612664753.385,74.07013930218352,851288.1109999951,3.560054015890964,5821,90647033976.40884,3.887366818873668,85.12881110000001,0.9619212486115754,0.9996900643857687,11493,5913,92079696255.36943,0.0013061224489795918,6984328522554.439,73.2255373061225,448506.4160000004,6125,3.4874006426517843,1967,0.06391343904341044,320,0.010397712503249286,21836,0.7095139069404731,6435,0.2090914998700286,203,0.006596048869248765,15,0.0004873927735898102,,,,,1.0492367790008483,1.0,94278388883992.17,99.19537774646561,6054191.490000036,3.560961808814061,28809,448625734723.64923,3.966272420067585,605.419149,0.9742950487339788,0.9999828454212772,61033,30776,479256677144.4697,0.0015171629053669638,74064388350233.52,100.219714415156,4756126.987000058,47457,3.0855211853392253
"Manchester, United Kingdom",43,0.017688194158782394,5,0.0020567667626491155,1616,0.6647470176881941,730,0.3002879473467709,30,0.012340600575894693,7,0.002879473467708762,,,,,1.0765109341104935,231.0,20221275754622.438,73.03131010613745,316517.69799999974,3.5705816482179067,2388,152561473835.9383,3.565610859728507,31.6517698,0.9663824109859418,0.9996173163517865,4334,2431,155308602552.41458,0.0,10451471453922.428,70.51457629310339,163593.81699999986,2320,3.296174413821473,4107,0.2779507309149973,67,0.004534380075798592,9160,0.6199242014076881,1395,0.09440985381700054,41,0.0027747698971304817,6,0.0004060638873849486,,,,,1.0529937603163346,1.0,170877052153204.6,76.59912867289111,2674688.3750000116,3.565113986562941,10669,681607355257.7997,4.726312939902544,267.4688375,0.9721507114754198,0.9999999992124156,34918,14776,943990091038.4524,0.00278372591006424,92093849060471.17,77.16905813704574,1441518.0060000145,18680,2.540741743367623
"Medell√≠n, Colombia",19,0.0135424091233072,3,0.0021382751247327157,420,0.2993585174625802,934,0.6657163221667854,20,0.014255167498218105,7,0.004989308624376337,,,,,1.087250120551266,65.0,5905724582759.429,75.1068466334163,180707.0729999996,3.39125729717712,1384,45230785308.21574,3.429793300071276,18.0707073,0.9666065671437127,0.9999999999999998,2406,1403,45851728170.10598,0.0014566642388929353,3373144411757.6294,75.1737749453751,103213.59300000002,1373,3.6799714896650038,2734,0.15686499512307076,45,0.002581903723678926,11162,0.6404268747489816,3426,0.19656893682942223,58,0.0033277870216306157,3,0.0001721269149119284,,,,,1.1037093633179276,1.0,138750656879452.1,101.21778078436175,4245579.8150000535,3.5119039369086726,14695,480250281867.2184,4.813242297320557,424.5579815,0.9651383768416733,0.9999947598946572,41945,17429,569600691572.8989,0.00047759293162461197,81661956270925.05,99.44853414789543,2498743.8690000204,25126,2.8876585002008146
"Melbourne, Australia",1298,0.021801202593301757,74,0.0012429036917598845,36642,0.6154388793711579,21087,0.3541771641640633,393,0.006600826362995062,40,0.0006718398333837213,4,6.718398333837214e-05,,,1.0654701114705452,3109.0,9663342082673.033,73.94990540700984,8722982.942000067,3.432953827573036,58240,64518416078.18578,3.96244415331385,872.2982942,0.9727842655112637,0.9992251896539139,117958,59538,65956343689.268974,0.00026902059688944935,4867017329295.408,73.86966189155072,4393398.140999979,59475,3.3248177634451945,35753,0.17093530820755304,1491,0.007128479974756288,155489,0.7433938449328508,16126,0.07709850306701536,272,0.0013004336372459493,27,0.00012908716252073762,3,1.4343018057859735e-05,,,1.06049513376795,1.0,63483566714326.13,123.990873423226,57305853.89699975,3.288867425368913,173408,192101811388.83997,4.419351599963664,5730.585389700001,0.9718199508824623,0.9999513633227186,462178,209161,231709073237.11224,0.002135049759588505,35429308454367.17,111.75504446564456,31981611.6050003,286176,2.7311449075114385
"Mexico City, Mexico",68,0.02052520374283127,6,0.0018110473890733474,1017,0.3069725324479324,2163,0.6528825837609418,47,0.014186537881074554,10,0.003018412315122246,2,0.0006036824630244491,,,1.0534265985208804,153.0,3342390609301.9253,90.15080449390997,429298.1309999993,3.393226925034429,3245,25264627875.085636,2.8747358889224266,42.929813100000004,0.9750008153362606,1.0,4762,3313,25794056132.560467,0.0015220700152207,2168693833453.1506,84.79391080669716,278547.99700000015,3285,3.6498641714458193,26366,0.21057928071114235,190,0.0015174870414593434,71904,0.5742809906794348,26261,0.2097406694513885,408,0.0032586037521863793,77,0.0006149815904861549,1,7.986773902417596e-06,,,1.043612496537585,1.0,191574036345441.1,83.35598808225001,24605854.12199938,3.427207132521205,98841,769547329368.6716,4.715231576509301,2460.5854122,0.9789811383185031,1.0,295190,125207,974825350494.8682,0.0010071127336816264,116019648063309.14,85.27048993745548,14901615.009999907,174757,2.7954587203590853
"Milan, Italy",178,0.02608440797186401,124,0.01817116060961313,3189,0.46732121922626024,3219,0.47171746776084406,103,0.015093786635404454,10,0.0014654161781946073,0,0.0,1,0.00014654161781946072,1.054558822860961,452.0,30650867426413.77,54.092384939708325,641481.593000001,3.5578569543930225,6646,317554965160.0768,3.4756740914419697,64.1481593,0.974968887070196,0.9999987579135996,11859,6824,326060048488.16797,0.0008788633367511352,17150308832251.34,52.57550725062259,358932.9880000004,6827,3.436694021101993,717,0.05569364610843561,237,0.01840919683082181,9029,0.7013360260991145,2746,0.21329812024234893,135,0.01048625135932888,9,0.0006990834239552587,1,7.767593599502873e-05,,,1.0418040420110786,1.0,119687068222931.36,98.55175654089743,2504889.99599999,3.5524859554896047,12157,580878078761.8197,3.948578530371291,250.4889996,0.9775610741768591,0.9999188385701756,25417,12874,615137318909.2429,0.0019019970969517993,91397716499631.5,95.74211737324153,1912831.7629999926,19979,3.1068820879291597
"Milton Keynes, United Kingdom",56,0.007881773399014778,0,0.0,4114,0.5790288529204786,2874,0.4045038705137227,55,0.007741027445460943,6,0.000844475721323012,,,,,1.0485464522674974,97.0,74363564029870.8,70.91811142346084,1110010.280000009,3.5615997278407145,7049,472237755173.362,4.405911330049261,111.001028,0.971528198700784,0.9990686145204828,15652,7105,475989395730.8465,0.000638895987733197,37181782014935.07,70.91811142346022,555005.1399999997,7826,3.406755805770584,4961,0.3236982904867545,43,0.00280568967767193,9937,0.6483753099308365,384,0.025055461307581888,1,6.524859715516116e-05,,,,,,,1.0606880674536616,1.0,144740425850377.47,67.29518271297327,2160511.841000007,3.5598001290358106,10365,694388471041.5515,4.189612423332898,216.0511841,0.9624950652020302,0.9995146339136085,32105,15326,1026743628285.8485,0.004672383465259455,81674705811597.94,67.01529540457358,1219142.2540000025,18192,2.3749836878507113
"Moscow, Russia",54,0.009024064171122994,1,0.00016711229946524063,2731,0.45638368983957217,2990,0.49966577540106955,180,0.030080213903743314,25,0.004177807486631016,3,0.000501336898395722,,,1.0393276838117556,425.0,4954227864751.206,66.96696154905074,729738.9800000058,3.5604951798708813,5930,40259013213.15523,3.6420454545454546,72.97389800000002,0.9766110650897787,0.999968021103946,10897,5984,40625621427.91246,0.0008655011251514627,2572995416046.7607,65.60368166868602,378992.46899999917,5777,3.556149732620321,1057,0.06177312839693764,292,0.01706504587692128,12726,0.7437321021565075,2901,0.16954006194845422,120,0.00701303255215943,13,0.0007597451931506049,2,0.00011688387586932383,,,1.0545954507284307,1.0,54630209037362.51,225.6097416379271,8046822.654999946,3.577299835072197,16054,108991264439.1221,4.168897200631173,804.6822655000001,0.966957860642012,0.9998342201813589,35667,17111,116167280790.9442,0.000772021925422682,37754213972077.766,214.66272558480597,5561052.568999983,25906,3.0457015954649056
"New York City, USA",55,0.009049029285949325,12,0.0019743336623889436,3217,0.529285949325436,2605,0.42859493254359987,166,0.027311615663047056,21,0.0034550839091806516,2,0.0003290556103981573,,,1.0692450573220493,377.0,7105785757893.373,82.058158274022,922333.6990000074,3.551958760620791,6023,46402020945.55741,3.698585060875288,92.2333699,0.97317016572131,0.9999770630540266,11240,6078,46825748515.20803,0.0006664445184938354,3735473802894.409,80.78405914695101,484865.92299999995,6002,3.474827245804541,3721,0.06717091486749946,279,0.005036464726695068,26627,0.48066647411365443,24179,0.43647555780200736,537,0.009693840710520615,50,0.0009025922449274315,3,5.415553469564589e-05,,,1.0208721153819333,1.0,124935096017588.22,115.85039948134866,16216623.068999704,3.5355102861365593,51675,398111312030.82837,5.053758394107878,1621.6623069000002,0.989948045665346,0.9999999915131804,139979,55396,426778408152.10004,0.0008374207441081469,86290020520824.8,121.81184726315541,11200477.543999877,91949,3.3194093436349195
"Newcastle Upon Tyne, United Kingdom",35,0.020710059171597635,7,0.004142011834319527,1082,0.6402366863905326,547,0.32366863905325444,18,0.010650887573964497,0,0.0,1,0.000591715976331361,,,1.0354454633076384,151.0,14858182914001.428,77.06955163566391,240302.86200000008,3.542925227213899,1655,102330419696.25961,3.6899408284023667,24.0302862,0.9714893201716706,0.9998469743698224,3118,1690,104494507121.86026,0.0,7521592035130.261,75.88736868371795,121647.45199999987,1603,3.301775147928994,3049,0.3102676299989824,42,0.004273939147247379,6158,0.6266408873511753,566,0.057596418031952784,11,0.001119365014755266,1,0.00010176045588684237,,,,,1.062053346239535,1.0,117178485810701.89,84.5063427271918,1895139.242000003,3.544101670517347,6778,419090987734.8928,4.564159967436654,189.51392420000005,0.9640645065751346,0.9999984353147081,22426,9827,607613918039.3615,0.0030135610246107484,63464850320048.9,85.92192382387435,1026423.3020000029,11946,2.4353312302839116
"Norwich, United Kingdom",14,0.00955631399317406,0,0.0,921,0.6286689419795222,486,0.331740614334471,37,0.025255972696245733,6,0.004095563139931741,1,0.0006825938566552901,,,1.030487583622621,134.0,22641402208470.89,44.68831866519974,121865.04499999968,3.5556928778715267,1451,269582427056.84268,3.7228668941979524,12.186504500000002,0.9739093517582232,0.9997897711058095,2727,1465,272183498027.75638,0.0,11435731888702.488,43.90275606276753,61551.66400000008,1402,3.378156996587031,1586,0.3345285804682556,41,0.008647964564437883,2924,0.6167475216199114,180,0.03796667369753216,10,0.002109259649862898,,,,,,,1.0618374612639827,1.0,137929189765937.64,71.63159378618268,742389.8379999973,3.5656897216657466,3155,586169922373.7689,4.372073402235816,74.2389838,0.9666694083261483,0.9998138497046443,10364,4741,880834105221.5652,0.005371530886302597,72910484572619.33,70.26558084153973,392433.2689999994,5585,2.364480067496309
"Nottingham, United Kingdom",41,0.013411841674844618,5,0.0016355904481517827,1924,0.629375204448806,1056,0.34543670264965654,31,0.010140660778541054,,,,,,,1.0466650166089002,186.0,29235567532838.445,49.922103300838145,291894.53800000064,3.565905538931161,3016,302076470094.9648,3.8253189401373895,29.189453799999995,0.9701885492870316,0.9995380945150071,5847,3057,306182947307.7942,0.0006613756613756613,14942113436846.412,49.33381283068774,149185.44999999972,3024,3.3372587504088975,2918,0.3105246355219751,55,0.005852931786740449,5881,0.6258380334149196,528,0.05618814515270831,9,0.0009577524741938917,,,,,,,1.0575448513328682,1.0,163309655156608.75,77.78088260268031,1630520.6419999874,3.5696841782833877,6479,648923557607.8503,4.461636692561456,163.05206420000002,0.9715058096878318,0.9999320567953043,20963,9397,941184545584.3447,0.002986385595081247,87578433878190.78,76.80306982872183,874402.9499999981,11385,2.433116952218793
"Oslo, Norway",286,0.026831785345717233,5,0.00046908715639365793,7909,0.7420020639834881,2319,0.21756262313537855,121,0.011351909184726523,16,0.0015010789004597054,2,0.00018763486255746317,1,9.381743127873159e-05,1.0425313436932861,1072.0,12506766923757.707,48.318112038795896,966458.8769999954,3.580002810138195,10373,134235088928.8167,3.7530725208743783,96.6458877,0.9737922606221251,0.9992512837555854,20002,10659,137936162430.5656,0.0002969708968521085,6292572518057.254,48.13480182142149,486257.76799999987,10102,3.191856646965006,1379,0.1674356483729966,141,0.01711996114618747,5700,0.6920835356969403,987,0.11983972802331229,28,0.003399708596406022,1,0.00012141816415735794,,,,,1.1118637773136313,1.0,38778086297989.36,159.92804894059867,2996571.8529999973,3.577232301672791,6857,88735178326.89638,4.5500242836328315,299.6571853,0.9419720079518971,0.9959206685114228,18737,8236,106580564197.21722,0.008644778204680405,21905581832564.92,147.8127090464546,1692751.143999998,11452,2.7750121418164158
"Oxford, United Kingdom",35,0.020138089758342925,8,0.004602991944764097,1115,0.6415420023014959,557,0.3204833141542002,21,0.012082853855005753,2,0.0011507479861910242,,,,,1.027880861778083,185.0,31922613976640.812,59.34505226917082,189607.44200000077,3.5451331868671057,1703,286719819795.99243,3.676639815880322,18.9607442,0.9758355230454405,0.9999498054345537,3195,1738,292612476104.1896,0.0,16091105875713.875,59.17936470588237,95574.67400000003,1615,3.303222094361335,1138,0.32748201438848923,30,0.008633093525179856,2151,0.6189928057553957,155,0.04460431654676259,1,0.00028776978417266187,,,,,,,1.061561132191282,1.0,115198918870051.34,88.815560747664,684235.0800000035,3.555124227013189,2337,393461079778.76355,4.433956834532374,68.42350800000001,0.9633910034486262,0.9997099531188204,7704,3475,585056590599.5735,0.0050933786078098476,62159019264811.07,89.54632185301969,369199.48500000016,4123,2.38158273381295
"Paris, France",42,0.005818786367414797,38,0.005264616237184816,2645,0.3664449986145747,4146,0.5743973399833749,263,0.036436686062621224,69,0.009559434746467166,13,0.0018010529232474369,2,0.0002770850651149903,1.0146082816120219,331.0,45227153909909.234,51.1867720620454,584092.256,3.5568376458692557,7176,555648620784.845,3.1618176780271545,58.409225600000006,0.9883632443119159,0.9999999999999998,11411,7218,558900744819.539,0.0002756339581036384,28584293634528.406,50.875932194046335,369155.7640000002,7256,3.667636464394569,536,0.05557283566614826,158,0.01638154484188699,6449,0.6686365992742354,2311,0.23960601347848626,172,0.017833074131674443,18,0.0018662519440124418,1,0.00010368066355624676,,,1.0232759528089048,1.0,140467945162553.73,97.33300042923076,1814092.462000003,3.570822046868406,9109,705323757905.4004,3.8648004147226542,181.4092462,0.9859665488447886,0.999965691807004,18638,9645,746827055110.0656,0.0011255296610169492,115368389696527.75,98.6454465704448,1489940.8249999983,15104,3.153758424053914
"Reading, United Kingdom",6,0.0052585451358457495,2,0.0017528483786152498,756,0.6625766871165644,365,0.31989482909728306,11,0.009640666082383873,1,0.0008764241893076249,,,,,1.0466458053594654,84.0,23358755040187.816,57.90530725462293,122122.29299999977,3.523060749204987,1135,217095391179.83334,3.696757230499562,12.212229299999999,0.9699632447275829,0.9996944147372031,2109,1141,218243032014.2642,0.0017857142857142857,12411032885631.895,57.93421964285718,64886.326000000045,1120,3.329535495179667,1375,0.3125,26,0.005909090909090909,2831,0.6434090909090909,162,0.03681818181818182,5,0.0011363636363636363,1,0.00022727272727272727,,,,,1.062321959348641,1.0,149564389915062.56,82.48312837552734,781940.0569999992,3.5530326564584316,3025,578602254025.547,4.3090909090909095,78.1940057,0.9571655572934786,0.999273421692954,9480,4400,841603278582.6138,0.009493070058857035,81612523125660.75,81.01002088475389,426679.77999999875,5267,2.408863636363636
"Rome, Italy",218,0.049043869516310463,39,0.008773903262092238,2490,0.5601799775028121,1636,0.36805399325084365,55,0.012373453318335208,7,0.0015748031496062992,,,,,1.1148779063781176,433.0,4558255233296.21,75.11962455684254,635662.2630000015,3.5723240083839536,4227,30311292635.50923,3.8074240719910013,63.5662263,0.954023057972462,0.9997253658543193,8462,4445,31874543592.344105,0.0037105751391465678,2330966578042.26,75.38502527829304,325060.2289999996,4312,3.2906636670416196,7068,0.16403258372206364,539,0.012508993014458446,29143,0.6763443106129174,6084,0.1411961289424215,240,0.005569867019424911,12,0.00027849335097124555,,,,,1.0696841505904902,1.0,80525438048023.98,125.22734907943277,11229512.073999975,3.5781544916248778,36021,258302122551.14218,4.1622223769407505,1122.9512074000002,0.9655905629564088,0.9999797705293306,89673,43089,308985873757.14624,0.00326398733968547,51929654524251.54,119.37860484322961,7241744.926999995,60662,2.8128756759265707
"Roosendaal, Netherlands",5,0.0029568302779420462,1,0.0005913660555884093,802,0.4742755765819042,851,0.5032525133057363,32,0.018923713778829097,,,,,,,1.0234617044238454,57.0,27255253778145.113,58.92262378727996,163981.66200000013,3.5001820964856307,1686,280228638431.245,3.291543465405086,16.398166200000002,0.9859303723615774,0.9999999999999998,2783,1691,281059684215.442,0.0,16823134553237.143,58.00381260744992,101216.65300000012,1745,3.534594914251922,564,0.2180131426362582,31,0.01198299188248937,1749,0.6760726710475454,235,0.09083880943177426,7,0.002705836876691148,,,,,,,1.1044282388857332,1.0,110544278986841.95,109.48006403292183,665091.3890000001,3.461706541176873,2023,336241124286.1261,4.696559721685349,66.5091389,0.9448232499227563,0.9999926780710338,6075,2587,429983088743.5533,0.008208736440926415,62974494790942.97,111.07799355027825,378887.0359999991,3411,2.6494008504058755
"Rotterdam, Netherlands",28,0.0028670899037476962,17,0.0017407331558468154,4286,0.4388695474093795,5190,0.5314355928732337,215,0.022015154618062666,27,0.002764693835756707,3,0.00030718820397296744,,,1.0173823822311576,300.0,51773228728429.57,53.059297247929784,871445.8979999988,3.5619986615661636,9738,578541596804.2664,3.3635060413680113,87.1445898,0.9915656862420031,0.9999999993821429,16424,9766,580205096979.9205,0.0,30789899893985.69,50.899130622667556,518254.9480000011,10182,3.577513823469179,1475,0.1310412224591329,223,0.019811656005685855,7233,0.642590618336887,2249,0.1998045486851457,67,0.005952380952380952,9,0.0007995735607675906,,,,,1.0681126800206258,1.0,141993232760823.38,94.54595158036398,2390027.110000021,3.563274443757267,9781,581096257788.3066,4.491648898365316,239.002711,0.9626986540362453,0.9999868108552602,25279,11256,668727070612.9413,0.005951296532458857,94646078415058.55,96.74383937572085,1593080.8029999952,16467,2.932213930348259
"Salzburg, Austria",74,0.032229965156794424,3,0.0013066202090592336,1450,0.6315331010452961,726,0.3162020905923345,36,0.0156794425087108,5,0.0021777003484320556,1,0.00043554006968641115,1,0.00043554006968641115,1.034674673831723,206.0,33434851991738.977,61.00148056455344,263648.399,3.5373915732277013,2222,281785292106.5681,3.764808362369338,26.3648399,0.9798222977894332,0.9999754766846041,4322,2296,291169680772.58344,0.00045351473922902497,17043964866851.967,60.95197324263027,134399.10099999973,2205,3.292247386759582,618,0.21142661648990763,55,0.01881628463906945,1932,0.660964762230585,310,0.10605542251111871,8,0.0027369141293191925,,,,,,,1.0751172823543915,1.0,107681932702685.44,121.12967646219722,849119.0320000026,3.568389047491393,2305,292311025340.0718,4.796442011631885,84.91190320000001,0.9657763112951614,0.9990781009121439,7010,2923,370683352307.6051,0.001545993300695697,58489827255156.39,118.83994150992012,461217.813,3881,2.669859733150872
"San Francisco, USA",31,0.013213981244671782,4,0.0017050298380221654,1132,0.4825234441602728,1096,0.46717817561807334,71,0.030264279624893437,11,0.004688832054560955,1,0.00042625745950554135,,,1.0338659848312932,147.0,3960018896998.73,57.4085648279112,243527.1319999993,3.4144532844863194,2315,37644445082.0046,3.6163682864450126,24.3527132,0.9845600720022716,0.9999999930034302,4242,2346,38148539163.01633,0.0,2084793745181.6445,56.35491384615388,128207.42900000008,2275,3.5153452685421995,804,0.08319536423841059,106,0.010968543046357616,4253,0.4400869205298013,4299,0.4448468543046358,178,0.01841887417218543,22,0.0022764900662251655,2,0.00020695364238410596,,,1.0327814905311137,1.0,50570903095795.766,115.73129540041568,3109931.36999997,3.249947580901786,8860,144073340573.0284,5.561258278145695,310.99313700000005,0.9843168432491584,0.9999997099932756,26872,9664,157147264480.5583,0.0014362432871237666,30140878093486.46,115.74604814537324,1853557.215000007,16014,3.3119826158940397
"Sevilla, Spain",57,0.021541950113378686,10,0.003779289493575208,875,0.3306878306878307,1621,0.6126228269085412,77,0.0291005291005291,4,0.0015117157974300832,2,0.0007558578987150416,,,1.0605967425900773,63.0,29218732060149.746,77.49960774907767,420047.874000001,3.562065744774397,2589,180092084703.01056,4.096749811035525,42.004787400000005,0.965026869979194,0.9999118935143385,5420,2646,184057032106.66898,0.0010676156583629894,15079735600905.172,77.14802846975095,216785.96000000017,2810,3.631519274376417,817,0.08010589273458182,121,0.011863908226296696,7313,0.7170310814785763,1898,0.18609667614472006,44,0.0043141484459260715,6,0.0005882929698990097,,,,,1.0412696446508098,1.0,120262773445585.67,85.51689602809475,1728895.0869999917,3.560561824351443,9382,652616430546.0198,3.9645063241494265,172.8895087,0.9769570578443102,0.9999999962987356,20217,10199,709447343331.7902,0.0020772476468679,90238867760454.17,84.21110379746813,1297272.0539999965,15405,3.024414158250809
Singapore,148,0.014545454545454545,11,0.001081081081081081,6129,0.6023587223587223,3821,0.37552825552825553,51,0.005012285012285012,14,0.0013759213759213758,1,9.828009828009828e-05,,,1.0631704917078821,489.0,10559653682863.375,73.6053648121641,1491023.8750000081,3.5698697610450667,10027,71012710965.52393,3.981719901719902,149.10238750000002,0.9776617068785375,0.9999997407743381,20257,10175,72060869060.95601,0.0007844675426554226,5406365511497.129,74.8557763286917,763379.206999998,10198,3.35990171990172,2461,0.10329485834207765,282,0.011836306400839455,16158,0.6781951731374607,4883,0.20495278069254985,29,0.001217208814270724,12,0.0005036726128016789,,,,,1.0748754864870675,1.0,41062400866885.41,127.11319176550401,5798014.015999935,3.578269202476744,21364,151303037505.48053,3.82900314795383,579.8014016000001,0.9680915854978891,0.9999152933923031,45613,23825,168732206916.6857,0.003752135076862767,32072134434884.207,126.80502158877702,4528587.735999994,35713,2.9904721930745017
"Sunderland, United Kingdom",24,0.01867704280155642,2,0.0015564202334630351,874,0.6801556420233463,376,0.2926070038910506,8,0.0062256809338521405,1,0.0007782101167315176,,,,,1.0589356347905483,121.0,14374335782154.758,119.41341291418868,281099.1740000002,3.563417243895113,1261,64482713212.44487,3.6638132295719843,28.1099174,0.960538294060811,0.9972770108057234,2354,1285,65709981346.54374,0.0,7253592858384.364,118.80114656616398,141848.56899999978,1194,3.2684824902723735,3928,0.3150465190888675,43,0.003448829002245749,7984,0.6403593198588386,504,0.04042348411934552,7,0.0005614372794353545,2,0.00016041065126724414,,,,,1.0692768996520956,1.0,114811170961109.38,80.9637097472154,2245204.6350000305,3.5516758105517616,8540,436702911050.18176,4.448347770291948,224.52046350000003,0.9598690760317059,0.9999637376122363,27731,12468,637565795664.3636,0.0039989336177019465,62323959098616.34,81.23061890162612,1218784.2059999981,15004,2.408485723452037
"Swansea, United Kingdom",28,0.022134387351778657,1,0.0007905138339920949,845,0.6679841897233202,371,0.2932806324110672,17,0.013438735177865613,3,0.0023715415019762848,,,,,1.0479003962718136,99.0,6117606778633.562,138.56939867385,334367.9590000001,3.5560065932060883,1237,22632191217.728832,3.81501976284585,33.43679590000001,0.9647233257010736,0.9959377307775628,2413,1265,23144480105.438133,0.0,3077417964080.6567,137.86999180327834,168201.38999999958,1220,3.282213438735178,2968,0.33865814696485624,46,0.005248744865358284,5391,0.6151300775901415,348,0.03970789593792789,9,0.001026928343222273,1,0.00011410314924691921,,,,,1.068628259166623,1.0,40755011096206.016,114.76803647792285,2227532.8200000045,3.5710141822422186,5796,106043799755.82564,4.42925604746691,222.75328199999998,0.9581695000816773,0.9985794537212604,19409,8764,160346421853.0117,0.009090029977758438,21504601660928.33,113.6611275505268,1175369.7199999976,10341,2.3599954358740303
"Toronto, Canada",15,0.007009345794392523,6,0.002803738317757009,922,0.4308411214953271,1167,0.5453271028037383,23,0.01074766355140187,6,0.002803738317757009,0,0.0,1,0.00046728971962616824,1.0260426192438639,101.0,17759975972647.96,64.90276160567997,237673.91300000003,2.9852047723646242,2125,158788772673.91525,3.4224299065420563,23.7673913,0.9873036298283916,0.999999995589311,3662,2140,159909634598.6723,0.0,10160838118100.617,64.04993311351855,135978.00799999989,2123,3.560747663551402,582,0.1004314063848145,143,0.02467644521138913,3502,0.6043140638481449,1546,0.2667817083692839,20,0.003451251078515962,2,0.0003451251078515962,,,,,1.023492427577905,1.0,147293647668033.16,129.1805373877706,1971165.8199999917,2.552957399732176,5213,389536880917.23303,5.266264020707506,197.116582,0.9857980410577348,0.999971656651742,15259,5795,433026323597.8066,0.001718213058419244,86926531619296.81,133.25307823596833,1163299.3730000036,8730,3.0491803278688523
"Utrecht, Netherlands",26,0.0042932628797886395,12,0.0019815059445178335,2926,0.4831571994715984,2957,0.4882760898282695,104,0.017173051519154558,29,0.004788639365918098,2,0.00033025099075297226,,,1.019917556271552,200.0,50716084010150.07,47.17327503072713,498951.73000000085,3.550143248612366,6030,612920986527.5032,3.4930647291941876,49.89517300000001,0.990474618245353,0.9999999999999998,10577,6056,615563763583.8407,0.0,29235147093240.582,45.90158825406945,287619.3519999992,6266,3.52774108322325,907,0.1379257907542579,141,0.02144160583941606,4421,0.6722931873479319,1077,0.16377737226277372,25,0.0038017031630170318,5,0.0007603406326034064,,,,,1.0743629787788287,1.0,141803181746473.0,93.06110212794422,1395078.982000012,3.549268202455187,5669,576227043552.9711,4.559306569343065,139.5078982,0.9616944923277172,0.9999831188297894,14991,6576,668419304710.5906,0.004352903705276569,94019919066366.05,98.20371026648272,924980.7470000007,9419,2.8763686131386863
"Vienna, Austria",80,0.006332119677061897,30,0.0023745448788982113,6770,0.535855627671363,5294,0.419028019629571,364,0.02881114453063163,70,0.00554060471742916,21,0.0016621814152287479,5,0.00039575747981636855,1.025018588926075,558.0,27887021414921.496,59.362678229157844,1399890.6780000003,3.549369068072676,12554,250086433422.85645,3.733101155611841,139.9890678,0.9858313027082914,0.9999999999999998,23582,12634,251680101948.73096,0.00030532020456453706,15436247464427.664,59.146530875505356,774878.7009999957,13101,3.4868608516700967,1934,0.12019141134795848,397,0.02467217699335032,9731,0.6047479957740352,3890,0.24175004660990615,122,0.007581878068485489,16,0.0009943446647194083,1,6.214654154496302e-05,,,1.0417931136431895,1.0,90179089808286.52,125.99131875869699,4526868.082999983,3.527036727677853,14157,282019566510.0668,4.465850475421043,452.68680830000005,0.9795888149304093,0.9999738523531942,35930,16091,320546503123.08295,0.0017011036428512157,59572241872419.56,124.07459132022147,2990445.799999978,24102,2.995090423217948
